ACC,EM_prop,Uncertainty,Paired
0.571428571,0.555555556,Low,1
0.642857143,0.333333333,Low,2
0.692307692,0.5,Low,3
0.307692308,0.375,Low,4
0.642857143,0.888888889,Low,5
0.714285714,0.888888889,Low,6
0.642857143,0.888888889,Low,7
0.642857143,0.555555556,Low,8
0.538461538,0.777777778,Low,9
0.5,0.666666667,Low,10
0.857142857,0.555555556,Low,11
0.642857143,0.777777778,Low,12
0.769230769,0.888888889,Low,13
0.615384615,0.666666667,Low,14
0.785714286,0.888888889,Low,15
0.538461538,0.666666667,Low,16
0.692307692,0.777777778,Low,17
0.615384615,0.875,Low,18
0.642857143,0.777777778,Low,19
0.714285714,0.888888889,Low,20
0.571428571,0.888888889,Low,21
0.692307692,0.777777778,Low,22
0.642857143,0.777777778,Low,23
0.714285714,0.888888889,Low,24
0.785714286,0.888888889,Low,25
0.357142857,0.333333333,Low,26
0.642857143,0.777777778,Low,27
0.714285714,1,Low,28
0.714285714,0.777777778,Low,29
0.5,0.777777778,Low,30
0.571428571,0,Low,31
0.642857143,0.444444444,Low,32
0.642857143,0.666666667,Low,33
0.785714286,0.888888889,Low,34
0.857142857,0.777777778,Low,35
0.714285714,0.888888889,Low,36
0.642857143,0.888888889,Low,37
0.714285714,0.777777778,Low,38
0.785714286,0.888888889,Low,39
0.785714286,0.555555556,Low,40
0.692307692,0.888888889,Low,41
0.571428571,0.666666667,Low,42
0.357142857,0.333333333,Low,43
0.714285714,0.666666667,Low,44
0.714285714,0.777777778,Low,45
0.333333333,0.571428571,Low,46
0.714285714,0.444444444,Low,47
0.642857143,0.111111111,Low,48
0.714285714,0.888888889,Low,49
0.714285714,0.666666667,Low,50
0.785714286,0.888888889,Low,51
0.571428571,0.666666667,Low,52
0.428571429,0.222222222,Low,53
0.714285714,0.777777778,Low,54
0.714285714,0.888888889,Low,55
0.769230769,0.666666667,Low,56
0.571428571,0.444444444,Low,57
0.785714286,0.888888889,Low,58
0.714285714,0.888888889,Low,59
0.714285714,0.888888889,Low,60
0.785714286,0.888888889,Low,61
0.714285714,0.888888889,Low,62
0.785714286,0.888888889,Low,63
0.428571429,0.333333333,Low,64
0.785714286,0.888888889,Low,65
0.785714286,0.666666667,Low,66
0.5,0.444444444,Low,67
0.615384615,0.777777778,Low,68
0.714285714,0.666666667,Low,69
0.571428571,0.333333333,Low,70
0.571428571,0.555555556,Low,71
0.785714286,0.888888889,Low,72
0.714285714,0.888888889,Low,73
0.583333333,0.714285714,Low,74
0.642857143,0.555555556,Low,75
0.571428571,0.666666667,Low,76
0.5,0.777777778,Low,77
0.428571429,0.222222222,Low,78
0.428571429,0.444444444,Low,79
0.461538462,0.25,Low,80
0.785714286,0.888888889,Low,81
0.785714286,0.888888889,Low,82
0.928571429,0.666666667,Low,83
0.538461538,0.375,Low,84
0.538461538,0.666666667,Low,85
0.642857143,0.444444444,Low,86
0.714285714,0.888888889,Low,87
0.571428571,0.777777778,Low,88
0.785714286,0.888888889,Low,89
0.785714286,0.888888889,Low,90
0.5,0,Low,91
0.642857143,0.111111111,Low,92
0.714285714,0.888888889,Low,93
0.571428571,0.444444444,Low,94
0.714285714,0.777777778,Low,95
0.785714286,0.888888889,Low,96
0.769230769,0.888888889,Low,97
0.714285714,1,Low,98
0.692307692,0.777777778,Low,99
0.615384615,0.75,Low,100
0.714285714,0.444444444,Low,101
0.642857143,0.777777778,Low,102
0.928571429,0.666666667,Low,103
0.5,0.888888889,Low,104
0.785714286,0.888888889,Low,105
0.692307692,0.777777778,Low,106
0.615384615,0.333333333,Low,107
0.785714286,0.222222222,Low,108
0.714285714,0.777777778,Low,109
0.714285714,0.777777778,Low,110
0.714285714,0.777777778,Low,111
0.5,0.444444444,Low,112
0.714285714,0.555555556,Low,113
0.666666667,0.777777778,Low,114
0.714285714,0.666666667,Low,115
0.714285714,1,Low,116
0.428571429,0.444444444,Low,117
0.714285714,1,Low,118
0.769230769,0.888888889,Low,119
0.642857143,0.777777778,Low,120
0.5,0.444444444,Low,121
0.642857143,0.777777778,Low,122
0.785714286,0.444444444,Low,123
0.785714286,0.888888889,Low,124
0.642857143,0.777777778,Low,125
0.785714286,0.666666667,Low,126
0.785714286,0.777777778,Low,127
0.714285714,0.888888889,Low,128
0.714285714,0.666666667,Low,129
0.714285714,0.777777778,Low,130
0.571428571,0.888888889,Low,131
0.642857143,0.777777778,Low,132
0.583333333,0.777777778,Low,133
0.785714286,0.888888889,Low,134
0.5,0.888888889,Low,135
0.642857143,0.777777778,Low,136
0.642857143,0.777777778,Low,137
0.571428571,0.666666667,Low,138
0.538461538,0.666666667,Low,139
0.785714286,0.888888889,Low,140
0.642857143,0.777777778,Low,141
0.785714286,0.555555556,Low,142
0.714285714,0.888888889,Low,143
0.714285714,0.777777778,Low,144
0.714285714,0.888888889,Low,145
0.714285714,0.888888889,Low,146
0.642857143,0.777777778,Low,147
0.846153846,0.875,Low,148
0.571428571,0.333333333,Low,149
0.785714286,0.888888889,Low,150
0.785714286,0.555555556,Low,151
0.714285714,0.666666667,Low,152
0.642857143,0.777777778,Low,153
0.642857143,0.444444444,Low,154
0.5,0.666666667,Low,155
0.785714286,0.888888889,Low,156
0.714285714,0.777777778,Low,157
0.571428571,0.444444444,Low,158
0.714285714,0.666666667,Low,159
0.5,0.666666667,Low,160
0.785714286,0.888888889,Low,161
0.642857143,0.777777778,Low,162
0.428571429,0.555555556,Low,163
0.692307692,0.875,Low,164
0.846153846,0.75,Low,165
0.75,0.714285714,Low,166
0.571428571,0.666666667,Low,167
0.714285714,0.333333333,Low,168
0.642857143,0.666666667,Low,169
0.642857143,0.555555556,Low,170
0.714285714,0.777777778,Low,171
0.785714286,0.888888889,Low,172
0.642857143,0.888888889,Low,173
0.214285714,0.333333333,Low,174
0.583333333,0.625,Low,175
0.714285714,0.888888889,Low,176
0.538461538,0.555555556,Low,177
0.642857143,0.444444444,Low,178
0.5,0.555555556,Low,179
0.785714286,0.888888889,Low,180
0.285714286,0.333333333,Low,181
0.571428571,0.666666667,Low,182
0.538461538,0.666666667,Low,183
0.461538462,0.875,Low,184
0.538461538,0.25,Low,185
0.642857143,0.888888889,Low,186
0.642857143,0.555555556,Low,187
0.785714286,0.888888889,Low,188
0.714285714,0.888888889,Low,189
0.571428571,0.666666667,Low,190
0.714285714,0.555555556,Low,191
0.714285714,0.777777778,Low,192
0.5,0.555555556,Low,193
0.428571429,0.666666667,Low,194
0.714285714,0.777777778,Low,195
0.714285714,0.888888889,Low,196
0.642857143,0.666666667,Low,197
0.5,0.75,Low,198
0.714285714,0.777777778,Low,199
0.714285714,0.888888889,Low,200
0.642857143,0.777777778,Low,201
0.785714286,0.888888889,Low,202
0.692307692,0.333333333,Low,203
0.714285714,0.666666667,Low,204
0.642857143,0.444444444,Low,205
0.75,1,Low,206
0.785714286,0.888888889,Low,207
0.5,0.888888889,Low,208
0.5,0.555555556,Low,209
0.5,0.666666667,Low,210
0.785714286,0.888888889,Low,211
0.428571429,0.555555556,Low,212
0.5,0.222222222,Low,213
0.714285714,0.888888889,Low,214
0.785714286,0.888888889,Low,215
0.615384615,0.75,Low,216
0.714285714,0.888888889,Low,217
0.714285714,0.555555556,Low,218
0.428571429,0.777777778,Low,219
0.642857143,0.777777778,Low,220
0.642857143,0.555555556,Low,221
0.642857143,1,Low,222
0.769230769,0.875,Low,223
0.714285714,0.444444444,Low,224
0.571428571,0.444444444,Low,225
0.833333333,0.777777778,Low,226
0.642857143,0.888888889,Low,227
0.714285714,0.888888889,Low,228
0.785714286,0.666666667,Low,229
0.785714286,0.555555556,Low,230
0.642857143,0.777777778,Low,231
0.538461538,0.5,Low,232
0.642857143,0.555555556,Low,233
0.692307692,0.888888889,Low,234
0.666666667,0.8,Low,235
0.785714286,0.888888889,Low,236
0.692307692,1,Low,237
0.785714286,0.888888889,Low,238
0.714285714,0.666666667,Low,239
0.642857143,0.777777778,Low,240
0.428571429,0.555555556,Low,241
0.571428571,0.666666667,Low,242
0.714285714,0.888888889,Low,243
0.5,0.666666667,Low,244
0.785714286,0.777777778,Low,245
0.642857143,0.777777778,Low,246
0.384615385,0.75,Low,247
0.692307692,0.666666667,Low,248
0.642857143,0.333333333,Low,249
0.714285714,0.888888889,Low,250
0.714285714,0.666666667,Low,251
0.642857143,0.777777778,Low,252
0.571428571,0.333333333,Low,253
0.714285714,0.888888889,Low,254
0.714285714,0.777777778,Low,255
0.785714286,0.444444444,Low,256
0.571428571,0.333333333,Low,257
0.642857143,0.777777778,Low,258
0.555555556,0.666666667,Low,259
0.785714286,0.888888889,Low,260
0.714285714,0.888888889,Low,261
0.571428571,0.444444444,Low,262
0.785714286,0.888888889,Low,263
0.785714286,0.888888889,Low,264
0.571428571,0.888888889,Low,265
0.428571429,0.666666667,Low,266
0.714285714,0.666666667,Low,267
0.714285714,0.222222222,Low,268
0.785714286,0.888888889,Low,269
0.307692308,0.555555556,Low,270
0.428571429,0.444444444,Low,271
0.642857143,0.444444444,Low,272
0.916666667,0.625,Low,273
0.571428571,0.777777778,Low,274
0.615384615,0.555555556,Low,275
0.428571429,0.444444444,Low,276
0.153846154,0.125,Low,277
0.5,0.428571429,Low,278
0.785714286,0.888888889,Low,279
0.714285714,0.777777778,Low,280
0.615384615,0.777777778,Low,281
0.714285714,0.444444444,Low,282
0.642857143,0.777777778,Low,283
0.384615385,0.333333333,Low,284
0.769230769,0.666666667,Low,285
0.769230769,0.875,Low,286
0.538461538,0.888888889,Low,287
0.538461538,0.375,Low,288
0.384615385,0.222222222,Low,289
0.571428571,0.666666667,Low,290
0.714285714,0.444444444,Low,291
0.769230769,0.444444444,Low,292
0.714285714,0.888888889,Low,293
0.785714286,0.888888889,Low,294
0.538461538,0.5,Low,295
0.571428571,0.222222222,Low,296
0.642857143,0.777777778,Low,297
0.538461538,0.888888889,Low,298
0.714285714,0.777777778,Low,299
0.785714286,0.555555556,Low,300
0.769230769,0.875,Low,301
0.642857143,0.777777778,Low,302
0.615384615,0.875,Low,303
0.461538462,0.375,Low,304
0.461538462,0.555555556,Low,305
0.428571429,0.333333333,Low,306
0.285714286,0.555555556,Low,307
0.538461538,0.5,Low,308
0.538461538,0.5,Low,309
0.571428571,0.666666667,Low,310
0.642857143,0.777777778,Low,311
0.692307692,0.888888889,Low,312
0.785714286,0.888888889,Low,313
0.4,0.666666667,Low,314
0.692307692,1,Low,315
0.642857143,0.777777778,Low,316
0.785714286,0.888888889,Low,317
0.714285714,0.888888889,Low,318
0.5,0.777777778,Low,319
0.785714286,0.222222222,Low,320
0.571428571,0.222222222,Low,321
0.571428571,0.555555556,Low,322
0.571428571,0.111111111,Low,323
0.642857143,1,Low,324
0.785714286,0.888888889,Low,325
0.642857143,0.777777778,Low,326
0.538461538,0.555555556,Low,327
0.714285714,0.888888889,Low,328
0.461538462,0.333333333,Low,329
0.571428571,0.444444444,Low,330
0.642857143,1,Low,331
0.769230769,0.888888889,Low,332
0.642857143,0.333333333,Low,333
0.642857143,0.111111111,Low,334
0.714285714,0.222222222,Low,335
0.642857143,0.666666667,Low,336
0.571428571,0.222222222,Low,337
0.714285714,0.777777778,Low,338
0.461538462,0.666666667,Low,339
0.714285714,0.888888889,Low,340
0.714285714,0.777777778,Low,341
0.692307692,0.75,Low,342
0.571428571,0.666666667,Low,343
0.615384615,0.555555556,Low,344
0.642857143,0.888888889,Low,345
0.692307692,0.888888889,Low,346
0.714285714,0.777777778,Low,347
0.857142857,0.777777778,Low,348
0.714285714,0.444444444,Low,349
0.538461538,0.111111111,Low,350
0.642857143,0.444444444,Low,351
0.571428571,0.666666667,Low,352
0.642857143,0.444444444,Low,353
0.571428571,0.666666667,Low,354
0.714285714,0.666666667,Low,355
0.461538462,0.625,Low,356
0.571428571,0.888888889,Low,357
0.642857143,0.555555556,Low,358
0.642857143,0.111111111,Low,359
0.642857143,0.777777778,Low,360
0.692307692,0.777777778,Low,361
0.642857143,0.777777778,Low,362
0.785714286,0.555555556,Low,363
0.857142857,0.777777778,Low,364
0.714285714,0.888888889,Low,365
0.714285714,0.444444444,Low,366
0.307692308,0.333333333,Low,367
0.428571429,0.222222222,Low,368
0.785714286,0.888888889,Low,369
0.666666667,0.5,Low,370
0.692307692,0.777777778,Low,371
0.714285714,0.777777778,Low,372
0.642857143,0.777777778,Low,373
0.307692308,0.333333333,Low,374
0.692307692,0.777777778,Low,375
0.666666667,0.375,Low,376
0.714285714,0.777777778,Low,377
0.714285714,0.777777778,Low,378
0.428571429,0.555555556,Low,379
0.769230769,0.888888889,Low,380
0.307692308,0.333333333,Low,381
0.642857143,0.222222222,Low,382
0.785714286,0.888888889,Low,383
0.5,0.333333333,Low,384
0.714285714,0.777777778,Low,385
0.642857143,0.666666667,Low,386
0.785714286,0.888888889,Low,387
0.384615385,0.555555556,Low,388
0.714285714,0.777777778,Low,389
0.785714286,0.888888889,Low,390
0.857142857,0.555555556,Low,391
0.642857143,0.666666667,Low,392
0.5,0.333333333,Low,393
0.428571429,0.444444444,Low,394
0.571428571,0.666666667,Low,395
0.714285714,0.888888889,Low,396
0.642857143,0.777777778,Low,397
0.538461538,0.666666667,Low,398
0.615384615,0.888888889,Low,399
0.769230769,0.875,Low,400
0.769230769,0.888888889,Low,401
0.571428571,0.444444444,Low,402
0.785714286,0.888888889,Low,403
0.846153846,0.5,Low,404
0.714285714,0.888888889,Low,405
0.5,0.666666667,Low,406
0.5,0.666666667,Low,407
0.642857143,0.777777778,Low,408
0.714285714,0.666666667,Low,409
0.642857143,0.777777778,Low,410
0.75,0.25,Low,411
0.5,0.5,Low,412
0.769230769,0.777777778,Low,413
0.5,0.444444444,Low,414
0.428571429,0.111111111,Low,415
0.642857143,0.777777778,Low,416
0.538461538,0.777777778,Low,417
0.642857143,0.333333333,Low,418
0.642857143,0.777777778,Low,419
0.785714286,0.888888889,Low,420
0.785714286,0.777777778,Low,421
0.714285714,0.888888889,Low,422
0.714285714,0.777777778,Low,423
0.571428571,0.555555556,Low,424
0.714285714,0.888888889,Low,425
0.714285714,1,Low,426
0.571428571,0.444444444,Low,427
0.357142857,0.222222222,Low,428
0.642857143,0.555555556,Low,429
0.785714286,0.888888889,Low,430
0.5,0.888888889,Low,431
0.714285714,0.444444444,Low,432
0.428571429,0.444444444,Low,433
0.642857143,0.777777778,Low,434
0.357142857,0.555555556,Low,435
0.785714286,0.888888889,Low,436
0.571428571,0.555555556,Low,437
0.769230769,0.666666667,Low,438
0.692307692,0.555555556,Low,439
0.642857143,0.777777778,Low,440
0.714285714,0.666666667,Low,441
0.5,0.555555556,Low,442
0.714285714,0.777777778,Low,443
0.857142857,0.555555556,Low,444
0.5,0.444444444,Low,445
0.5,0.333333333,Low,446
0.642857143,0.555555556,Low,447
0.692307692,0.5,Low,448
0.692307692,0.888888889,Low,449
0.846153846,0.5,Low,450
0.416666667,0.285714286,Low,451
0.692307692,0.625,Low,452
0.692307692,0.777777778,Low,453
0.785714286,0.888888889,Low,454
0.692307692,0.777777778,Low,455
0.642857143,0.777777778,Low,456
0.714285714,0.666666667,Low,457
0.714285714,0.555555556,Low,458
0.571428571,0.888888889,Low,459
0.714285714,0.888888889,Low,460
0.461538462,0,Low,461
0.714285714,0.777777778,Low,462
0.571428571,0.777777778,Low,463
0.714285714,0.888888889,Low,464
0.642857143,0.777777778,Low,465
0.428571429,0.333333333,Low,466
0.5,0.555555556,Low,467
0.571428571,0.666666667,Low,468
0.5,0.888888889,Low,469
0.785714286,0.777777778,Low,470
0.571428571,0.222222222,Low,471
0.714285714,0.666666667,Low,472
0.785714286,0.888888889,Low,473
0.571428571,0.777777778,Low,474
0.538461538,0.444444444,Low,475
0.642857143,0.777777778,Low,476
0.571428571,0.444444444,Low,477
0.714285714,0.777777778,Low,478
0.642857143,0.666666667,Low,479
0.785714286,0.888888889,Low,480
0.5,0.333333333,Low,481
0.538461538,0.666666667,Low,482
0.785714286,0.888888889,Low,483
0.571428571,0.444444444,Low,484
0.714285714,0.888888889,Low,485
0.769230769,0.888888889,Low,486
0.428571429,0.333333333,Low,487
0.5,0.555555556,Low,488
0.642857143,0.555555556,Low,489
0.692307692,0.888888889,Low,490
0.461538462,0.444444444,Low,491
0.857142857,0.777777778,Low,492
0.714285714,0.777777778,Low,493
0.571428571,0.888888889,Low,494
0.642857143,0.555555556,Low,495
0.714285714,0.777777778,Low,496
0.642857143,0.666666667,Low,497
0.642857143,0.444444444,Low,498
0.785714286,0.777777778,Low,499
0.538461538,0.444444444,Low,500
0.642857143,1,Low,501
0.642857143,0.777777778,Low,502
0.714285714,0.666666667,Low,503
0.571428571,0.777777778,Low,504
0.642857143,0.777777778,Low,505
0.692307692,0.75,Low,506
0.428571429,0.333333333,Low,507
0.785714286,0.888888889,Low,508
0.538461538,0.625,Low,509
0.428571429,0.333333333,Low,510
0.5,0.666666667,Low,511
0.692307692,0.75,Low,512
0.642857143,0.777777778,Low,513
0.714285714,0.888888889,Low,514
0.642857143,1,Low,515
0.714285714,0.777777778,Low,516
0.571428571,0.555555556,Low,517
0.714285714,0.888888889,Low,518
0.785714286,0.888888889,Low,519
0.285714286,0.555555556,Low,520
0.857142857,0.777777778,Low,521
0.642857143,0.777777778,Low,522
0.769230769,0.625,Low,523
0.714285714,0.888888889,Low,524
0.714285714,0.888888889,Low,525
0.785714286,0.888888889,Low,526
0.642857143,0.666666667,Low,527
0.642857143,0.777777778,Low,528
0.714285714,0.555555556,Low,529
0.692307692,0.777777778,Low,530
0.714285714,0.888888889,Low,531
0.692307692,0.777777778,Low,532
0.5,0.777777778,Low,533
0.785714286,0.888888889,Low,534
0.714285714,0.444444444,Low,535
0.571428571,0.666666667,Low,536
0.538461538,0.444444444,Low,537
0.785714286,0.888888889,Low,538
0.428571429,0.111111111,Low,539
0.642857143,0.888888889,Low,540
0.785714286,0.222222222,Low,541
0.714285714,0.888888889,Low,542
0.461538462,0.444444444,Low,543
0.785714286,0.888888889,Low,544
0.785714286,0.666666667,Low,545
0.785714286,0.888888889,Low,546
0.454545455,0.625,Low,547
0.785714286,0.888888889,Low,548
0.461538462,0.75,Low,549
0.692307692,0.75,Low,550
0.642857143,1,Low,551
0.428571429,0.777777778,Low,552
0.642857143,1,Low,553
0.769230769,0.888888889,Low,554
0.571428571,0.777777778,Low,555
0.571428571,0.666666667,Low,556
0.785714286,0.888888889,Low,557
0.714285714,0.888888889,Low,558
0.428571429,0.333333333,Low,559
0.428571429,0.444444444,Low,560
0.5,0.555555556,Low,561
0.571428571,0.777777778,Low,562
0.714285714,1,Low,563
0.714285714,0.777777778,Low,564
0.5,0.444444444,Low,565
0.615384615,0.75,Low,566
0.5,0.333333333,Low,567
0.571428571,0.444444444,Low,568
0.785714286,0.888888889,Low,569
0.461538462,0.555555556,Low,570
0.714285714,0.777777778,Low,571
0.714285714,0.888888889,Low,572
0.785714286,0.333333333,Low,573
0.461538462,0.888888889,Low,574
0.785714286,0.666666667,Low,575
0.714285714,0.888888889,Low,576
0.642857143,0.777777778,Low,577
0.461538462,0.333333333,Low,578
0.692307692,0.555555556,Low,579
0.642857143,0.444444444,Low,580
0.692307692,0.222222222,Low,581
0.714285714,0.777777778,Low,582
0.428571429,0.666666667,Low,583
0.785714286,0.666666667,Low,584
0.642857143,0.666666667,Low,585
0.615384615,0.625,Low,586
0.571428571,0.444444444,Low,587
0.714285714,0.777777778,Low,588
0.714285714,0.777777778,Low,589
0.769230769,0.875,Low,590
0.571428571,0.666666667,Low,591
0.642857143,0.555555556,Low,592
0.714285714,0.777777778,Low,593
0.461538462,0.375,Low,594
0.785714286,0.888888889,Low,595
0.714285714,0.777777778,Low,596
0.785714286,0.888888889,Low,597
0.714285714,0.888888889,Low,598
0.428571429,0.333333333,Low,599
0.384615385,0.444444444,Low,600
0.692307692,0.555555556,Low,601
0.538461538,0.375,Low,602
0.571428571,0.666666667,Low,603
0.583333333,0.888888889,Low,604
0.714285714,0.777777778,Low,605
0.538461538,0.625,Low,606
0.615384615,0.555555556,Low,607
0.785714286,0.888888889,Low,608
0.642857143,0.777777778,Low,609
0.692307692,0.875,Low,610
0.785714286,0.888888889,Low,611
0.714285714,0.888888889,Low,612
0.714285714,0.777777778,Low,613
0.642857143,0.555555556,Low,614
0.571428571,0.777777778,Low,615
0.571428571,0.444444444,Low,616
0.642857143,0.555555556,Low,617
0.642857143,0.777777778,Low,618
0.642857143,0.777777778,Low,619
0.714285714,0.444444444,Low,620
0.785714286,0.888888889,Low,621
0.785714286,0.888888889,Low,622
0.5,0.777777778,Low,623
0.857142857,0.777777778,Low,624
0.692307692,0.875,Low,625
0.714285714,0.888888889,Low,626
0.571428571,0.888888889,Low,627
0.785714286,0.888888889,Low,628
0.5,0.555555556,Low,629
0.714285714,0.444444444,Low,630
0.692307692,0.777777778,Low,631
0.615384615,0.375,Low,632
0.785714286,0.888888889,Low,633
0.642857143,0.777777778,Low,634
0.5,0.333333333,Low,635
0.307692308,0.333333333,Low,636
0.785714286,0.888888889,Low,637
0.846153846,0.777777778,Low,638
0.727272727,0.5,Low,639
0.571428571,0.888888889,Low,640
0.615384615,0.111111111,Low,641
0.642857143,0.777777778,Low,642
0.714285714,0.333333333,Low,643
0.642857143,0.777777778,Low,644
0.545454545,0.25,Low,645
0.714285714,0.666666667,Low,646
0.333333333,0.75,Low,647
0.714285714,0.777777778,Low,648
0.714285714,0.888888889,Low,649
0.785714286,0.888888889,Low,650
0.857142857,0.555555556,Low,651
0.785714286,0.888888889,Low,652
0.714285714,0.777777778,Low,653
0.615384615,0.777777778,Low,654
0.769230769,0.555555556,Low,655
0.571428571,0.666666667,Low,656
0.428571429,0.444444444,Low,657
0.692307692,0.75,Low,658
0.615384615,0.555555556,Low,659
0.833333333,0.666666667,Low,660
0.785714286,0.555555556,Low,661
0.714285714,0.888888889,Low,662
0.642857143,0.333333333,Low,663
0.692307692,0.75,Low,664
0.571428571,0.666666667,Low,665
0.538461538,0.777777778,Low,666
0.357142857,0.555555556,Low,667
0.785714286,0.888888889,Low,668
0.642857143,1,Low,669
0.714285714,0.888888889,Low,670
0.642857143,0.777777778,Low,671
0.642857143,1,Low,672
0.571428571,0.888888889,Low,673
0.642857143,0.888888889,Low,674
0.785714286,0.888888889,Low,675
0.571428571,0.222222222,Low,676
0.714285714,0.888888889,Low,677
0.642857143,0.777777778,Low,678
0.416666667,0.555555556,Low,679
0.642857143,0.777777778,Low,680
0.230769231,0.125,Low,681
0.846153846,0.777777778,Low,682
0.75,0.25,Low,683
0.333333333,0.4,Low,684
0.785714286,0.888888889,Low,685
0.785714286,0.888888889,Low,686
0.5,0.555555556,Low,687
0.615384615,0.666666667,Low,688
0.75,0.857142857,Low,689
0.785714286,0.888888889,Low,690
0.571428571,0.333333333,Low,691
0.785714286,0.888888889,Low,692
0.714285714,0.777777778,Low,693
0.714285714,0.666666667,Low,694
0.555555556,0.5,Low,695
0.714285714,0.888888889,Low,696
0.642857143,0.777777778,Low,697
0.5,0.555555556,Low,698
0.571428571,0.444444444,Low,699
0.538461538,0.625,Low,700
0.642857143,0.777777778,Low,701
0.785714286,0.888888889,Low,702
0.461538462,0.444444444,Low,703
0.642857143,0.777777778,Low,704
0.615384615,0.888888889,Low,705
0.642857143,0.777777778,Low,706
0.692307692,0.888888889,Low,707
0.5,0.555555556,Low,708
0.642857143,0.777777778,Low,709
0.666666667,0.571428571,Low,710
0.571428571,0.333333333,Low,711
0.615384615,0.666666667,Low,712
0.642857143,0.777777778,Low,713
0.642857143,0.777777778,Low,714
0.615384615,0.875,Low,715
0.642857143,0.777777778,Low,716
0.642857143,0.666666667,Low,717
0.538461538,0.444444444,Low,718
0.692307692,0.333333333,Low,719
0.571428571,0.888888889,Low,720
0.714285714,0.888888889,Low,721
0.642857143,0.666666667,Low,722
0.714285714,0.777777778,Low,723
0.5,0.555555556,Low,724
0.857142857,0.555555556,Low,725
0.5,0.333333333,Low,726
0.769230769,0.777777778,Low,727
0.642857143,0.777777778,Low,728
0.692307692,0.375,Low,729
0.538461538,0.111111111,Low,730
0.25,0.333333333,Low,731
0.571428571,0.444444444,Low,732
0.769230769,0.888888889,Low,733
0.285714286,0.333333333,Low,734
0.785714286,0.666666667,Low,735
0.615384615,0.111111111,Low,736
0.857142857,0.777777778,Low,737
0.642857143,0.444444444,Low,738
0.714285714,0.888888889,Low,739
0.461538462,0.5,Low,740
0.571428571,0.444444444,Low,741
0.666666667,0.888888889,Low,742
0.785714286,0.666666667,Low,743
0.538461538,0.5,Low,744
0.923076923,0.5,Low,745
0.769230769,0.875,Low,746
0.615384615,0.777777778,Low,747
0.714285714,0.888888889,Low,748
0.5,0.555555556,Low,749
0.785714286,0.888888889,Low,750
0.642857143,0.777777778,Low,751
0.785714286,0.888888889,Low,752
0.428571429,0.555555556,Low,753
0.692307692,0.888888889,Low,754
0.785714286,0.333333333,Low,755
0.615384615,0.666666667,Low,756
0.5,0.375,Low,757
0.571428571,0.444444444,Low,758
0.857142857,0.555555556,Low,759
0.538461538,0.777777778,Low,760
0.785714286,0.333333333,Low,761
0.461538462,0.875,Low,762
0.571428571,0.666666667,Low,763
0.714285714,0.888888889,Low,764
0.714285714,0.666666667,Low,765
0.785714286,0.888888889,Low,766
0.785714286,0.888888889,Low,767
0.5,0.555555556,Low,768
0.714285714,0.666666667,Low,769
0.5,0.666666667,Low,770
0.642857143,0.555555556,Low,771
0.642857143,0.777777778,Low,772
0.642857143,0.777777778,Low,773
0.642857143,0.777777778,Low,774
0.714285714,0.777777778,Low,775
0.615384615,0.222222222,Low,776
0.615384615,0.333333333,Low,777
0.642857143,1,Low,778
0.785714286,0.888888889,Low,779
0.428571429,0.444444444,Low,780
0.714285714,0.666666667,Low,781
0.714285714,0.666666667,Low,782
0.785714286,0.888888889,Low,783
0.785714286,0.888888889,Low,784
0.642857143,0.666666667,Low,785
0.714285714,0.888888889,Low,786
0.357142857,0.666666667,Low,787
0.75,0.75,Low,788
0.714285714,0.666666667,Low,789
0.692307692,0.777777778,Low,790
0.714285714,0.777777778,Low,791
0.727272727,0.428571429,Low,792
0.692307692,0.75,Low,793
0.642857143,0.777777778,Low,794
0.785714286,0.666666667,Low,795
0.785714286,0.888888889,Low,796
0.692307692,0.888888889,Low,797
0.615384615,0.777777778,Low,798
0.714285714,0.888888889,Low,799
0.642857143,0.333333333,Low,800
0.642857143,1,Low,801
0.5,0.666666667,Low,802
0.5,0.333333333,Low,803
0.714285714,0.888888889,Low,804
0.714285714,0.333333333,Low,805
0.785714286,0.666666667,Low,806
0.769230769,0.777777778,Low,807
0.538461538,1,Low,808
0.785714286,0.888888889,Low,809
0.428571429,0.222222222,Low,810
0.714285714,1,Low,811
0.5,0.444444444,Low,812
0.785714286,0.888888889,Low,813
0.571428571,0.666666667,Low,814
0.615384615,0.875,Low,815
0.714285714,0.777777778,Low,816
0.642857143,0.666666667,Low,817
0.714285714,0.444444444,Low,818
0.714285714,0.333333333,Low,819
0.857142857,0.777777778,Low,820
0.714285714,0.888888889,Low,821
0.642857143,0.777777778,Low,822
0.785714286,0.666666667,Low,823
0.714285714,0.222222222,Low,824
0.461538462,0.555555556,Low,825
0.571428571,0.888888889,Low,826
0.642857143,0.666666667,Low,827
0.615384615,1,Low,828
0.642857143,0.777777778,Low,829
0.857142857,0.777777778,Low,830
0.642857143,0.777777778,Low,831
0.714285714,0.666666667,Low,832
0.571428571,0.777777778,Low,833
0.615384615,1,Low,834
0.692307692,0.888888889,Low,835
0.428571429,0.555555556,Low,836
0.714285714,0.555555556,Low,837
0.642857143,0.444444444,Low,838
0.714285714,0.777777778,Low,839
0.785714286,0.888888889,Low,840
0.5,0.6,Low,841
0.642857143,0.777777778,Low,842
0.857142857,0.777777778,Low,843
0.714285714,0.888888889,Low,844
0.538461538,0.222222222,Low,845
0.5,0.333333333,Low,846
0.571428571,0.777777778,Low,847
0.642857143,0.777777778,Low,848
0.785714286,0.888888889,Low,849
0.538461538,0.444444444,Low,850
0.857142857,0.333333333,Low,851
0.538461538,0.5,Low,852
0.642857143,0.777777778,Low,853
0.785714286,0.888888889,Low,854
0.571428571,0.444444444,Low,855
0.692307692,0.888888889,Low,856
0.642857143,0.777777778,Low,857
0.5,0.666666667,Low,858
0.428571429,0.444444444,Low,859
0.714285714,0.666666667,Low,860
0.642857143,0.555555556,Low,861
0.5,0.444444444,Low,862
0.416666667,0.125,Low,863
0.714285714,0.888888889,Low,864
0.5,0.285714286,Low,865
0.714285714,0.888888889,Low,866
0.642857143,0.777777778,Low,867
0.571428571,0.222222222,Low,868
0.785714286,0.888888889,Low,869
0.666666667,0.555555556,Low,870
0.384615385,0.444444444,Low,871
0.714285714,0.888888889,Low,872
0.5,0.444444444,Low,873
0.642857143,0.777777778,Low,874
0.428571429,0.333333333,Low,875
0.714285714,0.777777778,Low,876
0.714285714,0.666666667,Low,877
0.769230769,0.888888889,Low,878
0.636363636,0.714285714,Low,879
0.642857143,0.777777778,Low,880
0.571428571,0.444444444,Low,881
0.785714286,0.666666667,Low,882
0.785714286,0.888888889,Low,883
0.214285714,0.555555556,Low,884
0.714285714,0.888888889,Low,885
0.642857143,0.777777778,Low,886
0.642857143,0.777777778,Low,887
0.714285714,0.555555556,Low,888
0.692307692,0.444444444,Low,889
0.714285714,0.777777778,Low,890
0.615384615,0.125,Low,891
0.642857143,0.777777778,Low,892
0.785714286,0.888888889,Low,893
0.428571429,0.333333333,Low,894
0.636363636,0.333333333,Low,895
0.785714286,0.888888889,Low,896
0.857142857,0.777777778,Low,897
0.615384615,0.777777778,Low,898
0.785714286,0.666666667,Low,899
0.75,0.888888889,Low,900
0.461538462,0.25,Low,901
0.666666667,0.857142857,Low,902
0.642857143,0.444444444,Low,903
0.642857143,0.555555556,Low,904
0.642857143,0.888888889,Low,905
0.714285714,0.888888889,Low,906
0.714285714,0.777777778,Low,907
0.769230769,0.888888889,Low,908
0.785714286,0.888888889,Low,909
0.785714286,0.888888889,Low,910
0.5,0.555555556,Low,911
0.571428571,0.555555556,Low,912
0.428571429,0.555555556,Low,913
0.785714286,0.888888889,Low,914
0.642857143,0.555555556,Low,915
0.928571429,0.666666667,Low,916
0.642857143,1,Low,917
0.571428571,0.666666667,Low,918
0.714285714,0.222222222,Low,919
0.785714286,0.555555556,Low,920
0.5,0.333333333,Low,921
0.571428571,0.888888889,Low,922
0.714285714,0.888888889,Low,923
0.384615385,0.222222222,Low,924
0.714285714,0.888888889,Low,925
0.714285714,0.555555556,Low,926
0.769230769,0.625,Low,927
0.714285714,0.777777778,Low,928
0.5,0.555555556,Low,929
0.642857143,0.555555556,Low,930
0.714285714,0.777777778,Low,931
0.714285714,0.888888889,Low,932
0.642857143,0.777777778,Low,933
0.5,0.666666667,Low,934
0.714285714,0.777777778,Low,935
0.428571429,0.444444444,Low,936
0.615384615,0.5,Low,937
0.571428571,0.555555556,Low,938
0.642857143,0.777777778,Low,939
0.583333333,0.888888889,Low,940
0.615384615,0.555555556,Low,941
0.416666667,0.5,Low,942
0.642857143,0.777777778,Low,943
0.785714286,0.666666667,High,1
0.357142857,0.444444444,High,2
0.583333333,0.75,High,3
0.428571429,0.444444444,High,4
0.642857143,0.888888889,High,5
0.642857143,1,High,6
0.785714286,0.777777778,High,7
0.428571429,0.555555556,High,8
0.857142857,0.777777778,High,9
0.538461538,0.375,High,10
0.785714286,0.888888889,High,11
0.5,0.666666667,High,12
0.785714286,0.666666667,High,13
0.846153846,0.75,High,14
0.785714286,0.666666667,High,15
0.714285714,0.666666667,High,16
0.571428571,0.333333333,High,17
0.785714286,0.888888889,High,18
0.857142857,0.777777778,High,19
0.5,0.777777778,High,20
0.384615385,0.625,High,21
0.928571429,0.666666667,High,22
0.642857143,0.666666667,High,23
0.714285714,0.777777778,High,24
0.785714286,0.888888889,High,25
0.642857143,0.111111111,High,26
0.785714286,0.444444444,High,27
0.714285714,1,High,28
0.714285714,0.777777778,High,29
0.846153846,0.5,High,30
0.5,0.222222222,High,31
0.714285714,0.333333333,High,32
0.571428571,0.888888889,High,33
0.857142857,0.777777778,High,34
0.714285714,0.777777778,High,35
0.785714286,0.666666667,High,36
0.571428571,0.111111111,High,37
0.642857143,0.777777778,High,38
0.785714286,0.888888889,High,39
0.692307692,0.444444444,High,40
0.461538462,0.666666667,High,41
0.5,0.555555556,High,42
0.538461538,0.25,High,43
0.571428571,0.222222222,High,44
0.785714286,0.888888889,High,45
0.571428571,0.555555556,High,46
0.615384615,0.375,High,47
0.571428571,0.111111111,High,48
0.642857143,0.777777778,High,49
0.857142857,0.555555556,High,50
0.692307692,0.888888889,High,51
0.692307692,0.625,High,52
0.538461538,0.5,High,53
0.857142857,0.777777778,High,54
0.714285714,0.777777778,High,55
0.538461538,0.555555556,High,56
0.642857143,0.555555556,High,57
0.571428571,0.777777778,High,58
0.714285714,0.777777778,High,59
0.785714286,0.888888889,High,60
0.785714286,0.777777778,High,61
0.785714286,0.777777778,High,62
0.785714286,0.888888889,High,63
0.461538462,0.444444444,High,64
0.785714286,0.888888889,High,65
0.714285714,0.777777778,High,66
0.538461538,0.625,High,67
0.714285714,0.555555556,High,68
0.642857143,0.666666667,High,69
0.714285714,0.555555556,High,70
0.642857143,0.888888889,High,71
0.785714286,0.888888889,High,72
0.714285714,0.666666667,High,73
0.307692308,0.625,High,74
0.384615385,0.375,High,75
0.714285714,0.666666667,High,76
0.642857143,0.555555556,High,77
0.5,0.111111111,High,78
0.214285714,0.666666667,High,79
0.625,0.6,High,80
0.785714286,0.888888889,High,81
0.714285714,1,High,82
0.642857143,0.777777778,High,83
0.615384615,0.444444444,High,84
0.5,0.333333333,High,85
0.785714286,0.333333333,High,86
0.785714286,0.666666667,High,87
0.857142857,0.666666667,High,88
0.785714286,0.888888889,High,89
0.785714286,0.888888889,High,90
0.615384615,0.625,High,91
0.785714286,0.666666667,High,92
0.615384615,0.777777778,High,93
0.642857143,0.222222222,High,94
0.857142857,0.777777778,High,95
0.857142857,0.777777778,High,96
0.714285714,1,High,97
0.714285714,0.888888889,High,98
0.785714286,0.666666667,High,99
0.642857143,0.666666667,High,100
0.5,0.333333333,High,101
0.642857143,0.666666667,High,102
0.615384615,0.375,High,103
0.428571429,0.555555556,High,104
0.714285714,0.888888889,High,105
0.785714286,0.666666667,High,106
0.583333333,0.25,High,107
0.692307692,0.222222222,High,108
0.642857143,0.555555556,High,109
0.714285714,0.777777778,High,110
0.857142857,0.777777778,High,111
0.5,0.666666667,High,112
0.714285714,0.777777778,High,113
0.416666667,0.375,High,114
0.714285714,0.666666667,High,115
0.615384615,0.777777778,High,116
0.357142857,0.333333333,High,117
0.642857143,0.888888889,High,118
0.642857143,0.777777778,High,119
0.714285714,0.555555556,High,120
0.285714286,0.333333333,High,121
0.714285714,0.888888889,High,122
0.571428571,0.444444444,High,123
0.769230769,0.888888889,High,124
0.642857143,0.777777778,High,125
0.5,0.777777778,High,126
0.571428571,0.777777778,High,127
0.714285714,0.777777778,High,128
0.461538462,0.375,High,129
0.785714286,0.888888889,High,130
0.642857143,0.777777778,High,131
0.642857143,0.777777778,High,132
0.642857143,0.777777778,High,133
0.785714286,0.888888889,High,134
0.714285714,0.777777778,High,135
0.571428571,0.555555556,High,136
0.692307692,0.777777778,High,137
0.769230769,0.75,High,138
0.714285714,0.777777778,High,139
0.642857143,0.777777778,High,140
0.615384615,0.666666667,High,141
0.285714286,0.222222222,High,142
0.571428571,0.666666667,High,143
0.714285714,0.555555556,High,144
0.785714286,0.888888889,High,145
0.642857143,0.666666667,High,146
0.714285714,0.555555556,High,147
0.785714286,0.888888889,High,148
0.642857143,0.333333333,High,149
0.785714286,0.888888889,High,150
0.642857143,0.444444444,High,151
0.714285714,0.777777778,High,152
0.769230769,0.777777778,High,153
0.5,0.555555556,High,154
0.5,0.222222222,High,155
0.5,0.444444444,High,156
0.785714286,0.888888889,High,157
0.428571429,0.555555556,High,158
0.461538462,0.666666667,High,159
0.285714286,0.555555556,High,160
0.642857143,0.777777778,High,161
0.769230769,0.875,High,162
0.428571429,0.444444444,High,163
0.461538462,0.555555556,High,164
0.714285714,0.777777778,High,165
0.642857143,0.777777778,High,166
0.785714286,0.888888889,High,167
0.428571429,0.333333333,High,168
0.583333333,0.333333333,High,169
0.285714286,0.333333333,High,170
0.785714286,0.888888889,High,171
0.714285714,0.444444444,High,172
0.692307692,0.666666667,High,173
0.538461538,0.5,High,174
0.461538462,0.555555556,High,175
0.642857143,0.555555556,High,176
0.5,0.555555556,High,177
0.714285714,0.666666667,High,178
0.5,0.111111111,High,179
0.642857143,0.777777778,High,180
0.357142857,0.555555556,High,181
0.642857143,0.777777778,High,182
0.642857143,0.555555556,High,183
0.461538462,0.5,High,184
0.5,0.555555556,High,185
0.642857143,0.777777778,High,186
0.642857143,0.555555556,High,187
0.785714286,0.888888889,High,188
0.714285714,0.777777778,High,189
0.571428571,0.777777778,High,190
0.461538462,0.666666667,High,191
0.785714286,0.888888889,High,192
0.363636364,0.285714286,High,193
0.461538462,0.666666667,High,194
0.642857143,0.666666667,High,195
0.615384615,0.875,High,196
0.666666667,0.555555556,High,197
0.571428571,0.555555556,High,198
0.428571429,0.555555556,High,199
0.785714286,0.555555556,High,200
0.571428571,0.666666667,High,201
0.785714286,0.888888889,High,202
0.583333333,0.75,High,203
0.769230769,0.875,High,204
0.5,0.777777778,High,205
0.714285714,0.555555556,High,206
0.571428571,0.888888889,High,207
0.214285714,0.444444444,High,208
0.214285714,0.666666667,High,209
0.615384615,0.5,High,210
0.785714286,0.888888889,High,211
0.769230769,0.75,High,212
0.538461538,0.666666667,High,213
0.615384615,0.375,High,214
0.769230769,0.888888889,High,215
0.642857143,0.777777778,High,216
0.571428571,0.777777778,High,217
0.642857143,0.444444444,High,218
0.428571429,0.666666667,High,219
0.642857143,0.666666667,High,220
0.642857143,0.444444444,High,221
0.571428571,0.888888889,High,222
0.75,0.75,High,223
0.538461538,0.333333333,High,224
0.571428571,0.444444444,High,225
0.615384615,0.5,High,226
0.714285714,0.777777778,High,227
0.5,0.666666667,High,228
0.642857143,0.555555556,High,229
0.428571429,0.777777778,High,230
0.714285714,0.888888889,High,231
0.357142857,0.555555556,High,232
0.642857143,0.777777778,High,233
0.785714286,0.777777778,High,234
0.5,0.714285714,High,235
0.571428571,0.666666667,High,236
0.571428571,0.666666667,High,237
0.5,0.555555556,High,238
0.714285714,0.666666667,High,239
0.615384615,0.75,High,240
0.214285714,0.222222222,High,241
0.666666667,0.777777778,High,242
0.785714286,0.888888889,High,243
0.5,0.777777778,High,244
0.714285714,0.777777778,High,245
0.714285714,0.777777778,High,246
0.357142857,0.666666667,High,247
0.642857143,0.666666667,High,248
0.571428571,0.444444444,High,249
0.714285714,0.888888889,High,250
0.571428571,0.666666667,High,251
0.642857143,0.777777778,High,252
0.642857143,0.333333333,High,253
0.692307692,0.888888889,High,254
0.357142857,0.555555556,High,255
0.615384615,0.555555556,High,256
0.642857143,0.555555556,High,257
0.714285714,0.777777778,High,258
0.666666667,0.285714286,High,259
0.785714286,0.666666667,High,260
0.571428571,0.666666667,High,261
0.571428571,0.666666667,High,262
0.714285714,0.888888889,High,263
0.714285714,0.777777778,High,264
0.785714286,0.888888889,High,265
0.785714286,0.666666667,High,266
0.5,0.25,High,267
0.5,0.111111111,High,268
0.642857143,0.777777778,High,269
0.461538462,0.5,High,270
0.384615385,0.444444444,High,271
0.857142857,0.777777778,High,272
0.571428571,0.444444444,High,273
0.285714286,0.333333333,High,274
0.461538462,0.5,High,275
0.615384615,0.25,High,276
0.571428571,0.666666667,High,277
0.5,0.777777778,High,278
0.571428571,0.777777778,High,279
0.692307692,1,High,280
0.714285714,0.444444444,High,281
0.285714286,0.555555556,High,282
0.692307692,0.625,High,283
0.545454545,1,High,284
0.357142857,0.555555556,High,285
0.571428571,0.666666667,High,286
0.538461538,0.777777778,High,287
0.25,0.125,High,288
0.416666667,0.25,High,289
0.714285714,0.777777778,High,290
0.333333333,0.5,High,291
0.5,0.777777778,High,292
0.857142857,0.666666667,High,293
0.785714286,0.888888889,High,294
0.538461538,0.5,High,295
0.571428571,0.222222222,High,296
0.571428571,0.777777778,High,297
0.769230769,0.888888889,High,298
0.857142857,0.777777778,High,299
0.428571429,0.444444444,High,300
0.642857143,0.777777778,High,301
0.615384615,0.777777778,High,302
0.833333333,0.777777778,High,303
0.5,0.666666667,High,304
0.642857143,0.555555556,High,305
0.642857143,0.111111111,High,306
0.5,0.555555556,High,307
0.538461538,0.666666667,High,308
0.363636364,0.714285714,High,309
0.571428571,0.555555556,High,310
0.714285714,0.777777778,High,311
0.785714286,0.777777778,High,312
0.785714286,0.888888889,High,313
0.461538462,0.333333333,High,314
0.615384615,0.666666667,High,315
0.666666667,0.5,High,316
0.785714286,0.888888889,High,317
0.785714286,0.888888889,High,318
0.357142857,0.444444444,High,319
0.714285714,0.555555556,High,320
0.571428571,0.333333333,High,321
0.285714286,0.333333333,High,322
0.5,0.222222222,High,323
0.857142857,0.777777778,High,324
0.714285714,0.777777778,High,325
0.538461538,0.888888889,High,326
0.571428571,0.888888889,High,327
0.642857143,0.666666667,High,328
0.5,0.555555556,High,329
0.357142857,0.111111111,High,330
0.714285714,0.666666667,High,331
0.714285714,0.888888889,High,332
0.642857143,0.333333333,High,333
0.5,0.333333333,High,334
0.642857143,0.222222222,High,335
0.692307692,0.777777778,High,336
0.5,0.444444444,High,337
0.769230769,0.888888889,High,338
0.571428571,0.666666667,High,339
0.785714286,0.888888889,High,340
0.642857143,0.666666667,High,341
0.571428571,0.666666667,High,342
0.5,0.222222222,High,343
0.5,0.666666667,High,344
0.285714286,0.333333333,High,345
0.5,0.555555556,High,346
0.714285714,0.888888889,High,347
0.75,0.875,High,348
0.615384615,0.666666667,High,349
0.636363636,0.375,High,350
0.714285714,0.666666667,High,351
0.571428571,0.666666667,High,352
0.428571429,0.666666667,High,353
0.642857143,0.555555556,High,354
0.642857143,0.777777778,High,355
0.428571429,0.444444444,High,356
0.357142857,0.444444444,High,357
0.714285714,0.555555556,High,358
0.428571429,0.222222222,High,359
0.571428571,0.666666667,High,360
0.642857143,0.777777778,High,361
0.833333333,0.75,High,362
0.571428571,0.777777778,High,363
0.785714286,0.888888889,High,364
0.846153846,0.875,High,365
0.428571429,0.333333333,High,366
0.333333333,0.875,High,367
0.384615385,0.625,High,368
0.785714286,0.888888889,High,369
0.666666667,0.5,High,370
0.769230769,0.875,High,371
0.769230769,0.888888889,High,372
0.785714286,0.888888889,High,373
0.714285714,0.555555556,High,374
0.714285714,0.888888889,High,375
0.571428571,0.666666667,High,376
0.785714286,0.888888889,High,377
0.785714286,0.888888889,High,378
0.785714286,0.555555556,High,379
0.714285714,0.777777778,High,380
0.642857143,0.444444444,High,381
0.615384615,0.375,High,382
0.785714286,0.888888889,High,383
0.538461538,0.555555556,High,384
0.692307692,0.875,High,385
0.461538462,0.666666667,High,386
0.785714286,0.888888889,High,387
0.857142857,0.555555556,High,388
0.428571429,1,High,389
0.714285714,0.777777778,High,390
0.642857143,0.666666667,High,391
0.571428571,0.555555556,High,392
0.5,0.333333333,High,393
0.5,0.777777778,High,394
0.357142857,0.333333333,High,395
0.615384615,0.5,High,396
0.857142857,0.777777778,High,397
0.785714286,0.666666667,High,398
0.692307692,0.666666667,High,399
0.714285714,0.555555556,High,400
0.714285714,0.888888889,High,401
0.428571429,0.333333333,High,402
0.785714286,0.888888889,High,403
0.538461538,0.375,High,404
0.571428571,0.666666667,High,405
0.615384615,0.555555556,High,406
0.538461538,0.625,High,407
0.857142857,0.777777778,High,408
0.692307692,0.888888889,High,409
0.714285714,0.777777778,High,410
0.583333333,0.285714286,High,411
0.5,0.333333333,High,412
0.714285714,0.444444444,High,413
0.461538462,0.25,High,414
0.769230769,0.375,High,415
0.642857143,0.777777778,High,416
0.571428571,0.666666667,High,417
0.285714286,0.444444444,High,418
0.785714286,0.888888889,High,419
0.785714286,0.888888889,High,420
0.642857143,0.777777778,High,421
0.714285714,0.777777778,High,422
0.714285714,0.444444444,High,423
0.571428571,0.666666667,High,424
0.692307692,0.75,High,425
0.714285714,0.777777778,High,426
0.571428571,0.222222222,High,427
0.5,0.555555556,High,428
0.428571429,0.444444444,High,429
0.692307692,0.777777778,High,430
0.5,0.888888889,High,431
0.153846154,0.5,High,432
0.428571429,0.222222222,High,433
0.461538462,0.625,High,434
0.357142857,0.222222222,High,435
0.785714286,0.888888889,High,436
0.5,0.333333333,High,437
0.615384615,0.888888889,High,438
0.642857143,0.666666667,High,439
0.642857143,0.888888889,High,440
0.769230769,0.666666667,High,441
0.714285714,0.777777778,High,442
0.692307692,0.888888889,High,443
0.538461538,0.888888889,High,444
0.384615385,0.555555556,High,445
0.5,0.666666667,High,446
0.5,0.555555556,High,447
0.785714286,0.888888889,High,448
0.714285714,0.777777778,High,449
0.5,0.5,High,450
0.846153846,0.375,High,451
0.357142857,0.666666667,High,452
0.785714286,0.888888889,High,453
0.785714286,0.888888889,High,454
0.846153846,0.75,High,455
0.785714286,0.666666667,High,456
0.785714286,0.666666667,High,457
0.538461538,0.75,High,458
0.846153846,0.777777778,High,459
0.785714286,0.888888889,High,460
0.25,0.25,High,461
0.538461538,0.625,High,462
0.642857143,0.777777778,High,463
0.357142857,0.777777778,High,464
0.642857143,0.777777778,High,465
0.357142857,0.444444444,High,466
0.285714286,0.555555556,High,467
0.642857143,0.666666667,High,468
0.571428571,0.555555556,High,469
0.769230769,0.888888889,High,470
0.214285714,0.333333333,High,471
0.714285714,0.444444444,High,472
0.857142857,0.777777778,High,473
0.615384615,0.777777778,High,474
0.5,0.333333333,High,475
0.714285714,0.888888889,High,476
0.285714286,0.222222222,High,477
0.692307692,0.777777778,High,478
0.428571429,0.555555556,High,479
0.615384615,0.666666667,High,480
0.642857143,0.777777778,High,481
0.5,0.555555556,High,482
0.714285714,0.777777778,High,483
0.642857143,0.333333333,High,484
0.714285714,0.888888889,High,485
0.714285714,0.888888889,High,486
0.5,0.333333333,High,487
0.461538462,0.25,High,488
0.357142857,0.222222222,High,489
0.785714286,0.888888889,High,490
0.5,0.444444444,High,491
0.714285714,0.888888889,High,492
0.461538462,0.555555556,High,493
0.615384615,1,High,494
0.461538462,0.222222222,High,495
0.571428571,0.555555556,High,496
0.769230769,0.888888889,High,497
0.714285714,0.555555556,High,498
0.692307692,1,High,499
0.642857143,0.555555556,High,500
0.357142857,0.666666667,High,501
0.5,0.555555556,High,502
0.571428571,0.777777778,High,503
0.714285714,0.666666667,High,504
0.642857143,0.666666667,High,505
0.571428571,0.666666667,High,506
0.769230769,0.444444444,High,507
0.642857143,0.888888889,High,508
0.357142857,0.444444444,High,509
0.428571429,0.555555556,High,510
0.357142857,0.666666667,High,511
0.642857143,0.777777778,High,512
0.642857143,0.444444444,High,513
0.714285714,0.777777778,High,514
0.642857143,0.777777778,High,515
0.785714286,0.777777778,High,516
0.642857143,0.555555556,High,517
0.769230769,0.444444444,High,518
0.785714286,0.888888889,High,519
0.5,0.333333333,High,520
0.642857143,0.666666667,High,521
0.714285714,0.777777778,High,522
0.307692308,0.666666667,High,523
0.714285714,0.666666667,High,524
0.785714286,0.777777778,High,525
0.5,0.555555556,High,526
0.642857143,0.555555556,High,527
0.615384615,0.777777778,High,528
0.714285714,0.444444444,High,529
0.692307692,0.777777778,High,530
0.615384615,0.625,High,531
0.692307692,0.777777778,High,532
0.153846154,0.25,High,533
0.642857143,0.777777778,High,534
0.571428571,0.444444444,High,535
0.571428571,0.666666667,High,536
0.5,0.222222222,High,537
0.857142857,0.555555556,High,538
0.583333333,0.428571429,High,539
0.785714286,0.888888889,High,540
0.615384615,0.125,High,541
0.538461538,0.666666667,High,542
0.428571429,0.555555556,High,543
0.714285714,0.888888889,High,544
0.615384615,0.875,High,545
0.785714286,0.888888889,High,546
0.454545455,0.666666667,High,547
0.642857143,0.888888889,High,548
0.642857143,0.444444444,High,549
0.428571429,0.555555556,High,550
0.785714286,0.888888889,High,551
0.769230769,0.625,High,552
0.714285714,1,High,553
0.571428571,0.888888889,High,554
0.714285714,0.666666667,High,555
0.714285714,0.444444444,High,556
0.785714286,0.888888889,High,557
0.692307692,0.666666667,High,558
0.5,0.333333333,High,559
0.538461538,0.625,High,560
0.714285714,0.888888889,High,561
0.615384615,0.666666667,High,562
0.571428571,0.555555556,High,563
0.714285714,0.888888889,High,564
0.5,0.555555556,High,565
0.5,0.888888889,High,566
0.642857143,0.555555556,High,567
0.642857143,0.555555556,High,568
0.714285714,0.888888889,High,569
0.538461538,0.555555556,High,570
0.785714286,0.888888889,High,571
0.769230769,0.222222222,High,572
0.615384615,0.555555556,High,573
0.714285714,0.666666667,High,574
0.428571429,0.222222222,High,575
0.571428571,0.777777778,High,576
0.714285714,0.888888889,High,577
0.428571429,0.444444444,High,578
0.461538462,0.75,High,579
0.571428571,0.777777778,High,580
0.454545455,0.25,High,581
0.5,0.666666667,High,582
0.692307692,0.777777778,High,583
0.714285714,0.777777778,High,584
0.571428571,0.777777778,High,585
0.461538462,0.222222222,High,586
0.428571429,0.666666667,High,587
0.571428571,0.666666667,High,588
0.714285714,0.777777778,High,589
0.714285714,0.666666667,High,590
0.692307692,0.888888889,High,591
0.428571429,0.666666667,High,592
0.642857143,0.888888889,High,593
0.416666667,0.375,High,594
0.714285714,0.777777778,High,595
0.714285714,0.777777778,High,596
0.642857143,0.777777778,High,597
0.785714286,0.666666667,High,598
0.214285714,0.555555556,High,599
0.615384615,0.375,High,600
0.636363636,0.428571429,High,601
0.142857143,0.444444444,High,602
0.692307692,0.666666667,High,603
0.714285714,0.888888889,High,604
0.714285714,0.777777778,High,605
0.692307692,0.777777778,High,606
0.642857143,0.777777778,High,607
0.714285714,0.777777778,High,608
0.615384615,0.555555556,High,609
0.785714286,0.888888889,High,610
0.785714286,0.888888889,High,611
0.714285714,0.777777778,High,612
0.714285714,0.888888889,High,613
0.357142857,0.222222222,High,614
0.714285714,0.777777778,High,615
0.538461538,0.666666667,High,616
0.714285714,0.222222222,High,617
0.571428571,0.777777778,High,618
0.642857143,0.777777778,High,619
0.428571429,0.444444444,High,620
0.769230769,0.875,High,621
0.928571429,0.666666667,High,622
0.307692308,0.5,High,623
0.692307692,0.666666667,High,624
0.571428571,0.888888889,High,625
0.692307692,0.777777778,High,626
0.714285714,0.888888889,High,627
0.785714286,0.888888889,High,628
0.357142857,0.555555556,High,629
0.538461538,0.625,High,630
0.785714286,0.888888889,High,631
0.285714286,0.222222222,High,632
0.692307692,0.777777778,High,633
0.666666667,0.714285714,High,634
0.5,0.222222222,High,635
0.416666667,0.375,High,636
0.615384615,1,High,637
0.785714286,0.888888889,High,638
0.416666667,0.428571429,High,639
0.538461538,0.777777778,High,640
0.571428571,0,High,641
0.615384615,1,High,642
0.357142857,0.666666667,High,643
0.5,0.777777778,High,644
0.615384615,0.125,High,645
0.714285714,0.666666667,High,646
0.923076923,0.666666667,High,647
0.714285714,0.777777778,High,648
0.692307692,0.625,High,649
0.642857143,0.777777778,High,650
0.571428571,0.666666667,High,651
0.692307692,0.888888889,High,652
0.785714286,0.666666667,High,653
0.538461538,0.777777778,High,654
0.5,0.333333333,High,655
0.692307692,0.625,High,656
0.5,0.444444444,High,657
0.846153846,0.625,High,658
0.333333333,0.75,High,659
0.642857143,0.666666667,High,660
0.5,0.555555556,High,661
0.714285714,0.888888889,High,662
0.571428571,0.555555556,High,663
0.785714286,0.777777778,High,664
0.714285714,0.888888889,High,665
0.692307692,0.777777778,High,666
0.571428571,0.444444444,High,667
0.785714286,0.888888889,High,668
0.615384615,0.888888889,High,669
0.642857143,0.777777778,High,670
0.461538462,0.666666667,High,671
0.714285714,0.333333333,High,672
0.785714286,0.888888889,High,673
0.714285714,0.666666667,High,674
0.571428571,1,High,675
0.642857143,0.333333333,High,676
0.714285714,0.888888889,High,677
0.714285714,0.777777778,High,678
0.538461538,0.444444444,High,679
0.642857143,0.666666667,High,680
0.642857143,0.555555556,High,681
0.714285714,0.777777778,High,682
0.769230769,0.125,High,683
0.5,0.6,High,684
0.714285714,0.888888889,High,685
0.714285714,0.888888889,High,686
0.714285714,0.888888889,High,687
0.615384615,0.777777778,High,688
0.583333333,0.875,High,689
0.785714286,0.888888889,High,690
0.642857143,0.777777778,High,691
0.571428571,0.666666667,High,692
0.785714286,0.888888889,High,693
0.285714286,0.333333333,High,694
0.8,0.5,High,695
0.642857143,0.777777778,High,696
0.5,0.777777778,High,697
0.642857143,0.222222222,High,698
0.538461538,0.25,High,699
0.615384615,0.25,High,700
0.714285714,1,High,701
0.785714286,0.888888889,High,702
0.416666667,0.5,High,703
0.714285714,0.888888889,High,704
0.428571429,0.666666667,High,705
0.714285714,0.888888889,High,706
0.615384615,0.75,High,707
0.642857143,0.666666667,High,708
0.571428571,0.555555556,High,709
0.642857143,0.888888889,High,710
0.75,0.222222222,High,711
0.307692308,0.375,High,712
0.714285714,0.777777778,High,713
0.785714286,0.888888889,High,714
0.692307692,1,High,715
0.714285714,1,High,716
0.642857143,0.333333333,High,717
0.642857143,0.444444444,High,718
0.5,0.444444444,High,719
0.785714286,0.666666667,High,720
0.714285714,0.888888889,High,721
0.666666667,0.555555556,High,722
0.714285714,0.888888889,High,723
0.571428571,0.666666667,High,724
0.714285714,0.555555556,High,725
0.307692308,0.333333333,High,726
0.692307692,0.666666667,High,727
0.692307692,0.555555556,High,728
0.428571429,0.666666667,High,729
0.428571429,0.333333333,High,730
0.461538462,0.111111111,High,731
0.230769231,0.777777778,High,732
0.692307692,0.333333333,High,733
0.428571429,0.333333333,High,734
0.785714286,0.888888889,High,735
0.571428571,0.111111111,High,736
0.714285714,0.888888889,High,737
0.428571429,0.444444444,High,738
0.692307692,0.777777778,High,739
0.285714286,0.555555556,High,740
0.5,0.666666667,High,741
0.538461538,0.555555556,High,742
0.714285714,0.555555556,High,743
0.5,0.555555556,High,744
0.5,0.428571429,High,745
0.642857143,0.777777778,High,746
0.615384615,0.777777778,High,747
0.642857143,0.666666667,High,748
0.571428571,0.444444444,High,749
0.785714286,0.888888889,High,750
0.615384615,0.777777778,High,751
0.714285714,0.777777778,High,752
0.384615385,0.375,High,753
0.642857143,0.777777778,High,754
0.571428571,0.555555556,High,755
0.5,0.333333333,High,756
0.642857143,0.333333333,High,757
0.571428571,0.333333333,High,758
0.785714286,0.777777778,High,759
0.714285714,0.666666667,High,760
0.785714286,0.444444444,High,761
0.75,0.571428571,High,762
0.692307692,0.625,High,763
0.75,0.75,High,764
0.25,0.555555556,High,765
0.785714286,0.888888889,High,766
0.714285714,0.777777778,High,767
0.4,0.333333333,High,768
0.285714286,0.666666667,High,769
0.5,0.444444444,High,770
0.416666667,0.666666667,High,771
0.714285714,0.888888889,High,772
0.714285714,0.777777778,High,773
0.642857143,0.777777778,High,774
0.615384615,0.888888889,High,775
0.642857143,0.444444444,High,776
0.714285714,0.333333333,High,777
0.615384615,0.666666667,High,778
0.714285714,0.888888889,High,779
0.642857143,0.666666667,High,780
0.357142857,0.666666667,High,781
0.571428571,0.666666667,High,782
0.615384615,0.777777778,High,783
0.642857143,0.444444444,High,784
0.714285714,0.777777778,High,785
0.428571429,0.222222222,High,786
0.714285714,0.777777778,High,787
0.714285714,0.666666667,High,788
0.5,0.555555556,High,789
0.642857143,0.777777778,High,790
0.571428571,0.666666667,High,791
0.714285714,0.777777778,High,792
0.714285714,0.666666667,High,793
0.714285714,0.777777778,High,794
0.615384615,0.75,High,795
0.714285714,0.888888889,High,796
0.857142857,0.777777778,High,797
0.714285714,0.888888889,High,798
0.642857143,0.555555556,High,799
0.5,0.555555556,High,800
0.461538462,0.555555556,High,801
0.416666667,0.777777778,High,802
0.384615385,0.625,High,803
0.571428571,0.666666667,High,804
0.642857143,0.777777778,High,805
0.692307692,0.666666667,High,806
0.583333333,0.777777778,High,807
0.785714286,0.888888889,High,808
0.785714286,0.888888889,High,809
0.461538462,0.625,High,810
0.785714286,0.888888889,High,811
0.75,0.75,High,812
0.714285714,0.888888889,High,813
0.642857143,0.555555556,High,814
0.642857143,0.555555556,High,815
0.571428571,0.666666667,High,816
0.5,0.666666667,High,817
0.428571429,0.555555556,High,818
0.357142857,0.555555556,High,819
0.714285714,0.777777778,High,820
0.714285714,0.888888889,High,821
0.615384615,0.777777778,High,822
0.785714286,0.444444444,High,823
0.642857143,0.222222222,High,824
0.571428571,0.666666667,High,825
0.571428571,0.888888889,High,826
0.5,0.555555556,High,827
0.5,0.571428571,High,828
0.428571429,0.444444444,High,829
0.785714286,0.888888889,High,830
0.615384615,0.777777778,High,831
0.538461538,0.625,High,832
0.428571429,0.777777778,High,833
0.714285714,0.777777778,High,834
0.846153846,0.777777778,High,835
0.384615385,0.75,High,836
0.571428571,0.555555556,High,837
0.5,0.222222222,High,838
0.785714286,0.888888889,High,839
0.785714286,0.888888889,High,840
0.3,0.333333333,High,841
0.571428571,0.777777778,High,842
0.692307692,0.777777778,High,843
0.642857143,0.555555556,High,844
0.571428571,0.555555556,High,845
0.571428571,0.333333333,High,846
0.428571429,0.444444444,High,847
0.785714286,0.888888889,High,848
0.785714286,0.888888889,High,849
0.7,0.142857143,High,850
0.615384615,0.5,High,851
0.571428571,0.444444444,High,852
0.571428571,0.777777778,High,853
0.714285714,0.666666667,High,854
0.714285714,0.666666667,High,855
0.538461538,0.888888889,High,856
0.571428571,0.666666667,High,857
0.428571429,0.666666667,High,858
0.642857143,0.666666667,High,859
0.769230769,0.888888889,High,860
0.642857143,0.333333333,High,861
0.571428571,0.111111111,High,862
0.538461538,0.222222222,High,863
0.642857143,0.666666667,High,864
0.857142857,0.444444444,High,865
0.714285714,0.888888889,High,866
0.666666667,1,High,867
0.571428571,0.222222222,High,868
0.714285714,0.666666667,High,869
0.428571429,0.444444444,High,870
0.642857143,0.555555556,High,871
0.615384615,0.111111111,High,872
0.714285714,0.444444444,High,873
0.714285714,1,High,874
0.642857143,0.333333333,High,875
0.642857143,0.888888889,High,876
0.785714286,0.777777778,High,877
0.642857143,0.666666667,High,878
0.666666667,0.75,High,879
0.461538462,0.333333333,High,880
0.538461538,0.666666667,High,881
0.642857143,0.888888889,High,882
0.714285714,0.666666667,High,883
0.571428571,0.444444444,High,884
0.692307692,0.888888889,High,885
0.642857143,0.666666667,High,886
0.785714286,0.666666667,High,887
0.428571429,0.555555556,High,888
0.571428571,0.444444444,High,889
0.642857143,0.777777778,High,890
0.5,0.222222222,High,891
0.642857143,0.555555556,High,892
0.615384615,0.666666667,High,893
0.5,0.444444444,High,894
0.461538462,0.444444444,High,895
0.714285714,0.888888889,High,896
0.785714286,0.888888889,High,897
0.615384615,0.777777778,High,898
0.785714286,0.888888889,High,899
0.642857143,0.777777778,High,900
0.428571429,0.555555556,High,901
0.692307692,0.625,High,902
0.357142857,0.444444444,High,903
0.428571429,0.666666667,High,904
0.785714286,0.888888889,High,905
0.714285714,0.888888889,High,906
0.785714286,0.888888889,High,907
0.785714286,0.666666667,High,908
0.714285714,0.777777778,High,909
0.785714286,0.888888889,High,910
0.461538462,0.222222222,High,911
0.714285714,0.888888889,High,912
0.5,0.555555556,High,913
0.666666667,0.875,High,914
0.384615385,0.75,High,915
0.642857143,1,High,916
0.714285714,1,High,917
0.642857143,0.777777778,High,918
0.615384615,0.25,High,919
0.538461538,0,High,920
0.692307692,0.75,High,921
0.642857143,0.666666667,High,922
0.785714286,0.666666667,High,923
0.571428571,0.222222222,High,924
0.416666667,0.888888889,High,925
0.642857143,0.666666667,High,926
0.571428571,0.777777778,High,927
0.5,0.5,High,928
0.214285714,0.444444444,High,929
0.461538462,0.666666667,High,930
0.642857143,0.777777778,High,931
0.785714286,0.888888889,High,932
0.538461538,0.666666667,High,933
0.583333333,0.666666667,High,934
0.714285714,0.888888889,High,935
0.769230769,0.375,High,936
0.363636364,0.166666667,High,937
0.333333333,0.375,High,938
0.714285714,0.777777778,High,939
0.571428571,0.666666667,High,940
0.615384615,0.444444444,High,941
0.461538462,0.222222222,High,942
0.714285714,0.777777778,High,943